bone-dragon	/Users/bevan/.codex/generated_images/019f745f-5796-71e1-9098-2fe683b18b92/exec-c38ddc7f-b85f-4842-9013-d0ddfae01b31.png
cavalier	/Users/bevan/.codex/generated_images/019f745f-5796-71e1-9098-2fe683b18b92/exec-fb2f016a-3dd5-4a87-8f65-dda18b8a8afb.png
champion	/Users/bevan/.codex/generated_images/019f745f-5796-71e1-9098-2fe683b18b92/exec-52412add-a04a-42b4-bbb5-e31f4c08a59a.png
cyclops	/Users/bevan/.codex/generated_images/019f745f-5796-71e1-9098-2fe683b18b92/exec-d617aac3-79d0-4af6-ad5c-d87f318e5a53.png
demon	/Users/bevan/.codex/generated_images/019f745f-5796-71e1-9098-2fe683b18b92/exec-fb6ee86a-0b79-4512-9aa4-24972cec47df.png
dendroid	/Users/bevan/.codex/generated_images/019f745f-5796-71e1-9098-2fe683b18b92/exec-9bc7e3f5-bc77-4557-8b0d-3887ed867a35.png
devil	/Users/bevan/.codex/generated_images/019f745f-5796-71e1-9098-2fe683b18b92/exec-357e2bcc-85cf-452c-94cf-4e8e77882501.png
efreet	/Users/bevan/.codex/generated_images/019f745f-5796-71e1-9098-2fe683b18b92/exec-d372f6fa-d0a7-4191-b7c2-6129c4eb5bca.png
ghost	/Users/bevan/.codex/generated_images/019f745f-5796-71e1-9098-2fe683b18b92/exec-e15b01fa-bd31-48e3-9c59-91ea44529723.png
giant	/Users/bevan/.codex/generated_images/019f745f-5796-71e1-9098-2fe683b18b92/exec-30f6d47c-3174-40e7-b43e-263bde858d40.png
goblin	/Users/bevan/.codex/generated_images/019f745f-5796-71e1-9098-2fe683b18b92/exec-c0de7f80-a295-44eb-be9d-ba6a487c1776.png
gog	/Users/bevan/.codex/generated_images/019f745f-5796-71e1-9098-2fe683b18b92/exec-5d5def85-74b0-417d-b54e-6b3468af0699.png
gorgon	/Users/bevan/.codex/generated_images/019f745f-5796-71e1-9098-2fe683b18b92/exec-17802e4a-ee81-46dc-a756-ef1859fc348a.png
grand-elf	/Users/bevan/.codex/generated_images/019f745f-5796-71e1-9098-2fe683b18b92/exec-acc0471e-7a3c-4e47-91c8-619ede957f74.png
gremlin	/Users/bevan/.codex/generated_images/019f745f-5796-71e1-9098-2fe683b18b92/exec-a90e3103-ed2b-4d33-a217-810662779565.png
griffin	/Users/bevan/.codex/generated_images/019f745f-5796-71e1-9098-2fe683b18b92/exec-8733040c-03ec-4b92-bcab-4728ce6f6340.png
hell-hound	/Users/bevan/.codex/generated_images/019f745f-5796-71e1-9098-2fe683b18b92/exec-efcf9ecf-c8a4-4493-89c8-13de93b248e8.png
hero	/Users/bevan/.codex/generated_images/019f745f-5796-71e1-9098-2fe683b18b92/exec-340a2ab5-be6d-4121-930f-e5b99a4234dd.png
imp	/Users/bevan/.codex/generated_images/019f745f-5796-71e1-9098-2fe683b18b92/exec-26e39cc6-2fc2-45d0-ba99-5a6ad3e61f08.png
lich	/Users/bevan/.codex/generated_images/019f745f-5796-71e1-9098-2fe683b18b92/exec-b5182025-1c19-4f37-ba02-1ef509359ffc.png
mage	/Users/bevan/.codex/generated_images/019f745f-5796-71e1-9098-2fe683b18b92/exec-1a28df66-e7d8-4dca-a03c-b50e5b7612f1.png
monk	/Users/bevan/.codex/generated_images/019f745f-5796-71e1-9098-2fe683b18b92/exec-56e8c45c-824d-4cbc-9a0b-a8ffd4e9c022.png
naga	/Users/bevan/.codex/generated_images/019f745f-5796-71e1-9098-2fe683b18b92/exec-b495d49b-73b4-4fb1-84cd-f2882cacec8b.png
ogre	/Users/bevan/.codex/generated_images/019f745f-5796-71e1-9098-2fe683b18b92/exec-3ee63978-ce03-4070-a0f8-3531db1d94a8.png
orc	/Users/bevan/.codex/generated_images/019f745f-5796-71e1-9098-2fe683b18b92/exec-7c187364-3656-4bc2-bb62-876e8a4a7521.png
peasant	/Users/bevan/.codex/generated_images/019f745f-5796-71e1-9098-2fe683b18b92/exec-1a7e19ad-8ca3-4a42-9c09-4736bafac6ec.png
pegasus	/Users/bevan/.codex/generated_images/019f745f-5796-71e1-9098-2fe683b18b92/exec-a82ff247-d292-48f9-b8ac-1511b3cbcb86.png
pit-fiend	/Users/bevan/.codex/generated_images/019f745f-5796-71e1-9098-2fe683b18b92/exec-58c8b72a-c5a0-4d3c-8d7b-f715182c6b7e.png
rock	/Users/bevan/.codex/generated_images/019f745f-5796-71e1-9098-2fe683b18b92/exec-c214ac93-803f-4fc1-a266-34936d4a13f9.png
skeleton	/Users/bevan/.codex/generated_images/019f745f-5796-71e1-9098-2fe683b18b92/exec-719b4a0f-5195-4951-8f21-af92aa053b7f.png
sprite	/Users/bevan/.codex/generated_images/019f745f-5796-71e1-9098-2fe683b18b92/exec-2d2be89f-fbc8-4b7e-a9ee-82e9d4b5191d.png
stone-golem	/Users/bevan/.codex/generated_images/019f745f-5796-71e1-9098-2fe683b18b92/exec-5db12239-25b4-4650-8785-52a82efd9d61.png
swordsman	/Users/bevan/.codex/generated_images/019f745f-5796-71e1-9098-2fe683b18b92/exec-ca13c3b8-50fe-4078-b221-8fb77b80889b.png
thunderbird	/Users/bevan/.codex/generated_images/019f745f-5796-71e1-9098-2fe683b18b92/exec-0dc28c1d-de1d-45d0-b1c2-00c84cce3624.png
titan	/Users/bevan/.codex/generated_images/019f745f-5796-71e1-9098-2fe683b18b92/exec-0ef69110-8ba3-4908-bfbf-4fa047a53de1.png
unicorn	/Users/bevan/.codex/generated_images/019f745f-5796-71e1-9098-2fe683b18b92/exec-77b6d364-a22a-4a2a-b902-267f548809b5.png
vampire	/Users/bevan/.codex/generated_images/019f745f-5796-71e1-9098-2fe683b18b92/exec-575d2b1a-4af6-4a04-a620-2f0fa61128ed.png
wolf-rider	/Users/bevan/.codex/generated_images/019f745f-5796-71e1-9098-2fe683b18b92/exec-eed478dc-c2b7-43e2-9407-52c785fd8e1e.png
wood-elf	/Users/bevan/.codex/generated_images/019f745f-5796-71e1-9098-2fe683b18b92/exec-aad11cf2-2e65-44cc-bfee-edd50493413c.png
zombie	/Users/bevan/.codex/generated_images/019f745f-5796-71e1-9098-2fe683b18b92/exec-2da191a9-95a2-47c4-83c1-3f0bc7b223af.png
